product_id,name,category,source,date_collected,brand_normalized,size_value,size_Units,price_Normalized,ingredients_normalized,key_ingredients,category_trimmed,,category_master,category_fix
P001,Hold Me Tight Pro Shampoo Spring Wonder,Shampoo,https://www.sociolla.com/shampoo/77587-hold-me-tight-pro-shampoo-spring-wonder,11/1/2025,Lavojoy,280,ml,97520,"water, cocamidopropyl hydroxsultaine, sodium c14-16 olefin sulfonate, sodium lauroyl sarcosinate, sodium lauroamphoaetate, sodium taurine cocoyl methyltaurate, sodium chloride, phenoxyethanol, peg-40 hydrogenated castor oil, fragrance, cocamide mea, cocamidopropyl betaine, hydroxyacetopjenone, betaine, peg-6 caprylick/capric glycerides, piroctone olamine, sodium isostearoyl lactylate, polyquaternium-10, citric acid, sodium cocoyl isethionate, trimethylolpropane tricaprylate/tricaprate, etidronic acid, panthenol, butylene glycol, phytosteryl oleate, glyceryl behenate, sodium benzoate, ppg-26-buteth-26, zingiber officinale (ginger) root extract, anemarrhena asphodeloides root extract, panax ginseng root extract, propylene glycol, caffeine, angelica polymorpha sinensis root extract, biota orientalis leaf extract, polygonum multiflorum root extract, 1,2-hexanediol, caprylyl glycol, cyclodextrin, chlorphenesin, adenosine, glycerin, ethylhexylglycerin, diaminopyrimidine oxide, niacinamide, yeast extract, aesculus hippocastanum (horse chestnut) seed extract, ammonium glycyrrhizate, zinc gluconate, sodium citrate, chrysin, arginine, oleanolic acid, palmityoyl tripeptide-1, myristoyl pentapeptide-4, acetyl tetrapeptide-3, hexapeptide-3, biotin.","adenosine, arginine, biotin, caffeine, chrysin, diaminopyrimidine oxide, niacinamide, oleanolic acid, panax ginseng root extract, panthenol, piroctone olamine, polygonum multiflorum root extract, zinc gluconate",Shampoo,,Shampoo,Shampoo
P002,Real Mary Exfoliating Scalp Shampoo,Shampoo,https://www.sociolla.com/shampoo/14647-real-mary-exfoliating-scalp-shampoo?size=100_ml,11/1/2025,Rated Green,100,ml,89100,"water, rosmarinus offici nalis (rosemary) leaf water, sodium cocoyl isethionate, sodium methyl cocoyl taurate, disodium laureth sulfosuccinate, sodium lauroyl lactylate, decyl glucoside, rosmarinus officinalis (rosemary) leaf oil, quillaja saponaria bark extract, zingiber officina le (ginger) root extract, mentha piperita (peppermint) oil, glycerin, methylpropanediol, lauramide mipa, caprylyl glycol, coco - glucoside, citric acid, 1,2-hexanediol, trihydroxystearin, caprylic/capric triglyceride, ethylhexylglycerin, polyquaternium-10, salicylic acid, sodium citrate, sodium phytate, butylene glycol, tocopherol, alcohol, cetearyl alcohol, sodium benzoate, limonene","salicylic acid, tocopherol",Shampoo,,Hair Tonic,Shampoo
P003,Real Grow Anti-Hair Loss Stimulating Scalp Spray,Hair Tonic,https://www.sociolla.com/hair-serum/56919-real-grow-anti-hair-loss-stimulating-scalp-spray,11/1/2025,Rated Green,120,ml,211500,"rosmarinus officinalis (rosemary) leaf water, water, alcohol, dipropylene glycol, glycerin, methylpropanediol, rosmarinus officinalis (rosemary) leaf oil, pinus sylvestris leaf oil, glycine soja (soybean) seed extract, citrus aurantium dulcis (orange) peel oil, cocos nucifera (coconut) fruit extract, octyldodeceth-16, 1,2-hexanediol, menthol, salicylic acid, panthenol, tromethamine, zinc lactate, ethylhexylglycerin, pentylene glycol, butylene glycol, octanediol, biotin, hydrogenated lecithin, polyglyceryl-10 stearate, sodium ascorbyl phosphate, tocopheryl acetate, glyceryl arachidonate, glyceryl linolenate, retinyl palmitate, caffeine, limonene, linalool, geranio","biotin, caffeine, menthol, panthenol, retinyl palmitate, salicylic acid, sodium ascorbyl phosphate, tocopheryl acetate, zinc lactate",Hair Tonic,,Conditioner,Hair Tonic
P004,Texture Experience Conditioner Green Tea Butter,Conditioner,https://www.sociolla.com/conditioner/28173-texture-experience-conditioner-green-tea-butter,11/1/2025,Makarizo Professional,250,ml,66600,"aqua/water, sodium laureth sulfate, cocamidopropyl betaine, glycerin, polyquaternium-7, sodium chloride, fragrance",,Conditioner,,Hair Mask,Conditioner
P005,Keratin Pro Daily Use Hair Mask,Hair Mask,https://www.sociolla.com/hair-mask/67659-keratin-pro-daily-use-hair-mask-500gr,11/1/2025,Cbd Professional,250,g,76800,"aqua, cyclopentasiloxane, behentrimonium chloride, hydroxypropyl starch phosphate, cetearyl alcohol, perfume, cetyl alcohol, glyceryl stearate, cetrimonium chloride, dimethiconol, isopropanol, peg-100 stearate, phenoxyethanol, panthenol, sodium pca, sorbitan caprylate, bht, disodium edta, hydrolyzed keratin, benzotriazolyl dodecyl p-cresol, sodium metabisulfite, citric acid.","hydrolyzed keratin, keratin, panthenol",Hair Mask,,Hair Serum,Hair Mask
P006,BONVIE Kemiri Gin Tonic (with Biotin + Aloe Vera + Peppermint),Hair Tonic,https://www.sociolla.com/hair-tonic/86019-bonvie-kemiri-gin-tonic-with-biotin-aloe-vera-peppermint,11/1/2025,Bonvie,60,ml,90200,"oleanolic acid, biotin, ginseng, kemiri, peppermint dan aloe vera.","biotin, oleanolic acid",Hair Tonic,,Hair Oil,Hair Tonic
P007,Rosemary Hair Growth Oil,Hair Serum,https://www.sociolla.com/hair-oil/82652-rosemary-hair-growth-oil?size=100_ml,11/1/2025,Lash Boss,100,ml,255000,"rosemary,3% encapsulated biotin,rice bran oil,argan and jojoba oil",biotin,Hair Serum,,Hair Vitamin,Hair Serum
P008,Hot Oil Hair & Scalp Treatment by Ree DermaWellness,Hair Oil,https://www.sociolla.com/hair-oil/62563-hot-oil-hair-and-scalp-treatment-by-ree-dermawellness?size=100ml,11/1/2025,Ree Derma Wellness,100,ml,204600,"water (aqua), capsicum anuum powder, ascorbic acid (vitamin o), pyridoxine (vitamin b6), tacopherols (vitamin e), manganese, flavonoids cocos nucifera (coconut) oil, phylloquinone (vitamin k) occurs naturally from ingredients.",ascorbic acid,Hair Oil,,Scalp Serum,Hair Oil
P009,ERHAIR Scalperfect Allantoin & Silk Protein Scalp Soothing Serum,Scalp serum,https://www.sociolla.com/hair-serum/53680-erhair-scalperfect-allantoin-and-silk-protein-scalp-soothing-serum,11/1/2025,Erha,30,ml,95200,"allantoin, hydrolyzed silk protein, piroctone olamine, zinc gluconate, niacinamide, salicylic acid (bha), menthol","allantoin, hydrolyzed silk, menthol, niacinamide, piroctone olamine, salicylic acid, zinc gluconate",Scalp Serum,,Heat Protection,Scalp Serum
P010,Ciara Hair Perfector Protein Cream,Hair Vitamin,https://www.sociolla.com/hair-serum/85953-ciara-hair-perfector-protein-cream,11/1/2025,Ciara,60,ml,109250,"silk amino extract, rambutan seed extract,keratin,hyaluranic acid",keratin,Hair Vitamin,,Creambath,Hair Vitamin
P011,Premium EX Hair Fall Care & Repair Conditioner Treatment,Conditioner,https://www.sociolla.com/conditioner/89478-premium-ex-hair-fall-care-and-repair-conditioner-treatment,1/6/2026,Tsubaki,450,ml,179530,"aqua, stearyl alcohol, isopentyldiol, behentrimonium chloride, glycerin, dimethicone, sorbitol, cetyl alcohol, dipropylene glycol, isopropyl alcohol, fragrance, aminopropyl dimethicone, isopropyl myristate, sodium methyltaurate, peg-2 laurate, salicylic acid, sodium benzoate, phenoxyethanol, c13-16 isoparaffin, polysilicone-13, steartrimonium chloride, laurtrimonium chloride, c10-13 isoparaffin, squalane, disodium edta, camellia japonica seed oil, butylene glycol, cetrimonium chloride, sodium dilauramidoglutamide lysine, amodimethicone, bis-ethylhexyloxyphenol methoxyphenyl triazine, phytosteryl macadamiate, ppg-2-deceth-12, citrus unshiu peel extract, eucheuma serra/grateloupia sparsa/saccharina angustata/ulva linza/undaria pinnatifida extract, lactic acid, saccharina angustata/undaria pinnatifida extract, tocopherol, phytosteryl/octyldodecyl lauroyl glutamate.​","lactic acid, salicylic acid, tocopherol",Conditioner,,Hair Mist,Conditioner
P012,Hair Vitamin Keratin Hair Repair Jar,Hair Vitamin,https://www.sociolla.com/hair-vitamin/28598-vitamin-rambut-keratin-hair-repair-jar,1/6/2026,Ellips,50,ml,115815,"cyclopentasiloxane, cyclotetrasiloxane, dimethiconol, fragrance",,Hair Vitamin,,,Hair Vitamin
P013,Collagen Repair Hair Serum,Hair Serum,https://www.sociolla.com/hair-serum/76003-collagen-repair-hair-serum-100ml,1/6/2026,Cbd Professional,100,ml,937205,"cyclopentasiloxane, isohexadecane, dimethiconol, dimethicone, caprylic/capric triglyceride, isopropyl myristate, perfume, aqua, carthamus tinctorius seed oil, rubus idaeus fruit extract, hydrolyzed collagen, phenoxyethanol",,Hair Serum,,,Hair Serum
P014,MISSDAISY Perfume Shampoo - Rose & Oud,Shampoo,https://www.sociolla.com/shampoo/76276-missdaisy-perfume-shampoo-rose-and-oud?size=500ml,1/6/2026,Miss Daisy,500,ml,369000,"aqua, sodium lauroyl methylaminopropionate, sodium methyl cocoyl taurate, cocoamidopropyl betaine, lauryl hydroxysultaine, ppg-2 hydroxyethyl coco/isostearamide, peg-250 distearate, fragrance, palmitamidopropyltrimonium chloride, dipropylene glycol, phenoxyethanol, citric acid, polyquaternium-10, guar hydroxypropyltrimonium chloride, c10-40 isoalkylamidopropylethyldimonium ethosulfate, tetrasodium edta, o-cymen-5-ol, hydrolyzed wheat protein, silk amino acids, ceramide np, ceramide ap, ceramide eop, phytoshingosine, cholesterol, sodium lauroyl lactylate, carbomer, xanthan gum, nicotiamide, helichrysum italicum extract, hydrolyzed rhodophycea extract.","ceramide np, hydrolyzed wheat protein",Shampoo,,,Shampoo
P015,Intensive Scalp Serum,Scalp Serum,https://www.sociolla.com/hair-serum/74234-intensive-scalp-serum,1/6/2026,Djamujamu,45,ml,203350,"water, alcohol, pisum sativum sprout extract, ocimum basilicum hairy root culture extract, peg-40 hydrogenated castor oil, panax ginseng root extract, menthyl lactate, hydroxyethylcellulose, sodium benzoate, zingiber officinale root oil, salicylic acid, santalum austrocaledonicum wood oil.","panax ginseng root extract, salicylic acid",Scalp Serum,,,Scalp Serum
P016,Barber Daily 2 in 1 Hair Tonic Bottle,Hair Tonic,https://www.sociolla.com/hair-tonic/28188-barber-daily-2-in-1-hair-tonic-bottle,1/6/2026,Makarizo Professional,140,ml,82980,"water, alcohol, propylene glycol, peg-40 hydrogenated castor oil, aloe vera leaf extract, fragrance, phenoxyethanol, menthol, panthenyl ethyl ether, piroctone olamine, citric acid, menthyl lactate, panax ginseng root extract, potassium sorbate, sodium ben.","menthol, panax ginseng root extract, piroctone olamine",Hair Tonic,,,Hair Tonic
P017,Argan Repair Oil,Hair Oil,https://www.sociolla.com/hair-oil/9717-argan-repair-oil,1/6/2026,Dancoly,60,ml,259470,argania spinosa kernel oil helianthus annuus (sunflower) seed oil opuntia tuna extract citrus aurantium amara (bitter orange) flower extract boswellia carterii oil parfum phenoxyethanol.,argania spinosa kernel oil,Hair Oil,,,Hair Oil
P018,Kelaya Hair Shampoo,Shampoo,https://www.sociolla.com/hair-oil/9717-argan-repair-oil,1/6/2026,Kelaya,100,ml,48500,"aqua, sodium laureth sulfate, cocamidopropyl betaine, tetrahydroxy ethyl sulphate- disodium, aloe barbadensis extract,menthol, polyquaternium-7, peg-150 distearate, fragrance, potassium hydroxide, aleurites moluccana extract, cetrimonium chloride, bis (c13-15 alkoxy) pg-amodimethicone, sodium chloride, peg-400, piroctone olamine, tetrasodium edta methylchloroisothiazolinone, methylisothiazolinone..","menthol, piroctone olamine",Shampoo,,,Shampoo
P019,Keratin Protein Repair Conditioner,Conditioner,https://www.sociolla.com/conditioner/85225-keratin-protein-repair-conditioner,1/6/2026,Beamarry New York,380,ml,152213,"aqua, cetearyl alcohol, ethylhexyl palmitate, steartrimonium chloride, dimethicone, glyceryl stearate, hydroxyethylcellulose, dmdm hydantoin, parfum, glycerin, propylene glycol phenoxyethanol panthenol macadamia ternifolia seed oil, argania spinosa kernel oil, ci 19140, keratin, hydrolyzed keratin, oxidized keratin, rosmarinus officinalis (rosemary) leaf oil, rosa rugosa flower extract, rosa rugosa flower oil, michelia alba flower oil cymbidium grandiflorum (orchid) root extract, ci 75470, rosa centifolia flower extract, jasminum officinale (jasmine) extract, bellis perennis (daisy) flower extract, xanthan gum.","argania spinosa kernel oil, hydrolyzed keratin, keratin, panthenol",Conditioner,,,Conditioner
P020,Coconut Milk Hair Serum,Hair Serum,https://www.sociolla.com/hair-serum/85240-coconut-milk-hair-serum,1/6/2026,Beamarry New York,110,ml,190246,"cyclopentasiloxaneisododecane, ethylhexyl palmitate, dimethiconol dimethicone parfum, olea europaea jolive fruit oil argania spinosa kernel oil orbignya oleifera seed oil, tocopheryl acetate, ci 15985, simmondsia chinensis (jojoba) seed oil butyrospermum parkii (shea butter), vitis vinifera (grape) seed oil, prunus amygdalus dulcis (sweet almond) oil, keratin, hydrolyzed keratin, oxidized keratin.","argania spinosa kernel oil, hydrolyzed keratin, keratin, tocopheryl acetate",Hair Serum,,,Hair Serum
P021,Fino Premium Touch Permeation Essence Hair Mask,Hair Mask,https://www.tokopedia.com/pure-luxury-hair/hair-mask-premium-touch-hair-care-set-conditioner-hair-mask-1733831961628214682?extParam=ivf%3Dfalse%26keyword%3Dhair+care+hair+mask%26search_id%3D20260107112831CD00692C3BFE5939DSZU%26src%3Dsearch&t_id=1767785334549&t_st=1&t_pp=search_result&t_efo=search_pure_goods_card&t_ef=goods_search&t_sm=&t_spt=search_result,1/7/2026,Shiseido Fino,230,g,125000,"water, sorbitol, dimethicone, hydrogenated rapeseed oil alcohol, isopentyldiol, behentrimonium chloride, aminopropyldimethicone, alkyl (c12, 14) oxyhydroxypropylarginine hcl, stearyldihydroxypropyldimonium oligosaccharide, glutamate, stearyltrimonium chloride, trehalose, squalane, peg-90m, pca, dilauroyl glutamate (phytosteryl / octyldodecyl), polyquaternium-64, royal jelly extract, isopropanol, cetanol, octyldodecanol, ethanol, pg, bg, silica, bht, tocopherol, phenoxyethanol, sodium benzoate, fragrance, yellow 5","arginine, tocopherol",Hair Mask,,,Hair Mask
P022, CBD Professional Keratin Pro Daily,Hair Mask,https://www.tokopedia.com/cbdprofessional/bbd-cbd-professional-keratin-pro-daily-use-hair-mask-500gr-haircare-treatment-perawatan-setelah-shampoo-conditioner-vitamin-rambut-kering-kusut-kusam-menjadi-halus-berkilau-membersihkan-melembutkan-rambut-seperti-smoothing-1729420095615175062?extParam=ivf%3Dfalse%26keyword%3Dhair+care+hair+mask%26search_id%3D20260107112831CD00692C3BFE5939DSZU%26src%3Dsearch%26whid%3D12613736&t_id=1767785334549&t_st=5&t_pp=search_result&t_efo=search_pure_goods_card&t_ef=goods_search&t_sm=&t_spt=search_result,1/7/2026,Cbd,500,gr,105000,"aqua, cyclopentasiloxane, behentrimonium chloride, hydroxypropyl starch phosphate, cetearyl alcohol, perfume, cetyl alcohol, glyceryl stearate, cetrimonium chloride, dimethiconol, isopropanol, peg-100 stearate, phenoxyethanol, panthenol, sodium pca, sorbitan caprylate, bht, disodium edta, hydrolyzed keratin, benzotriazolyl dodecyl p-cresol, sodium metabisulfite, citric acid","hydrolyzed keratin, keratin, panthenol",Hair Mask,,,Hair Mask
P023,MAKARIZO Hair Recovery ,Hair Vitamin,https://www.watsons.co.id/id/makarizo-hair-recovery-pump-50ml/p/BP_45180,1/7/2026,Makarizo,50,ml,69700,"cyclopentasiloxane, cyclotetrasiloxane, phenyl trimethicone, dimethiconol, fragrance, tocopheryl acetate, hydrolyzed silk, pg-propyl methylsilanediol crosspolymer, hydrogenated soybean oil, retinyl palmitate, ascorbyl palmitate","hydrolyzed silk, retinyl palmitate, tocopheryl acetate",Hair Vitamin,,,Hair Vitamin
P024,Hair Fall Control Shampoo ,Shampoo,https://www.watsons.co.id/id/makarizo-hair-recovery-pump-50ml/p/BP_45180,1/7/2026,Lab On Hair,300,ml,179200,"water, sodium laureth sulfate, cocamide mea, acrylates copolymer, cocamidopropyl hydroxysultaine, sodium chloride, fragrance, sodium cocoyl glycinate, dimethicone, glycerin, peg-150 distearate, behentrimonium chloride, triethanolamine, zingiber officinale (ginger) root, polyquaternium-7, methylparaben, allantoin, isopropyl alcohol, disodium edta, propylene glycol, magnesium nitrate, undecylenic acid, arginine, salicylic acid, zingiber officinale (ginger) root extract, 1,2-hexanediol, hydroxyacetophenone, propanediol, ci 19140, methylchloroisothiazolinone, magnesium chloride, methylisothiazolinone, panax ginseng root extract, ci 16255, hydrolyzed pea protein, larix europaea wood extract, glycine, sodium metabisulfite, camellia sinensis leaf extract, zinc chloride.","allantoin, arginine, camellia sinensis leaf extract, panax ginseng root extract, salicylic acid",Shampoo,,,Shampoo
P025,Tresemme Keratin Smooth Shine Serum with Marula Oil for Dry Hair - Smooth & Shiny,Serum Rambut,https://www.sociolla.com/shampoo/79013-hair-fall-control-shampoo,1/7/2026,Tresemme,97,ML,156900,"cyclopentasiloxane, cyclohexasiloxane, dimethiconol, phenyl trimethicone, sclerocarya birrea seed oil, hydrolyzed keratin, fragrance (parfum), aminopropyl dimethicone, dimethicone crosspolymer.","hydrolyzed keratin, keratin",Serum Rambut,,,Hair Serum
P026,Elseve Aminexil Serum,Serum Rambut,https://www.watsons.co.id/id/l-oreal-elseve-aminexil-serum-anti-hair-fall-serum-102ml/p/BP_59845,1/7/2026,Loreal,102,ml,125000,"aqua / water, alcohol denat, diaminopyrimidine oxide, tocopherol, sodium hyaluronate, sodium citrate, caffeine, safflower glucoside, peg-40 hydrogenated castor oil, arginine, aminomethyl propanol, ammonium polyacryloyldimethyl taurate, limonene, menthol, piroctone olamine, citric acid, coumarin, parfum / fragrance (f.i.l. z70018039/1)..","arginine, caffeine, diaminopyrimidine oxide, menthol, piroctone olamine, tocopherol",Serum Rambut,,,Hair Serum
P027,Wonderlux Hold My Strands! Hair Fall Treatment,Scalp Serum ,https://www.watsons.co.id/id/wonderlux-wonderlux-hold-my-strands-hair-fall-treatment-scalp-serum-75ml/p/BP_39916,1/7/2026,Wonderlux,75,ml,150000,"aqua, butylene glycol, tetrasodium, disuccinoyl cystine, propanediol, ammonium polyacryloyldimethyl taurate, hydroxypropylgluconamide, niacinamide, aloe barbadensis extract, oryza sativa bran water, hydroxypropylammonium gluconate, glycerin, ethanol, pathenol, chlorphenesin, phenoxyethanol, zingiber officinale extract, ppg-26-buteth-26, peg-40 hydrogenated castor oil, phyllanthus emblica fruit extract, bioflavonoids, glycine, apigenin, serine, glutamic acid, oleanolic acid, aspartic acid, leucine, biotinoyl tripeptide-1, alanine, lysine, arginine, tyrosine, phenylalanine, threonine, proline, valine, isoleucine, histidine.","arginine, biotin, niacinamide, oleanolic acid",Scalp Serum,,,Scalp Serum
P028,Hair Tonic,Hair Tonic ,https://www.watsons.co.id/id/nr-hair-tonic-200ml/p/BP_72452,1/7/2026,Nr,200,ml,81500,ethyl alcohol aqua fragrance peg40 hydrohenated castor oil triticum vulgare germ oil sodium salicylate propylene glycol dpanthenol linoleic acid retinyl palmitate ethoxydiglycol glucose citric acid chamomimilla recutita flower extract calcium pantothenate tussilago farfara leaf extract butylene glycol urtiva dioica extract serine pottassium sorbate caarmel inositol phenoxyethanol ci 47005 tartaric acid methylparaben ci 42090 biotin riboflavin butylparaben ethylparaben propylparaben isobutylparaben.,"biotin, panthenol, retinyl palmitate",Hair Tonic,,,Hair Tonic
P029,Ginseng Hair Tonic,Hair Tonic ,https://www.watsons.co.id/id/mylea-ginseng-hair-tonic-200-ml/p/BP_72455,1/7/2026,Mylea,200,ml,49900,"aqua, isopropyl alcohol, fragrance, peg-40 hydrogenated castor oil, propylene glycol, piroctone olamine, sodium salicylate, d-panthenol, citric acid, menthol, camphor, polysorbate 80, chamomilla recutita flower extract, glucose, linoleic acid, retinyl palmitate, alcohol, lactic acid, sodium benzoate, equisetum arvense extract, betula alba leaf extract, urtica dioica extract, phenoxyethanol, tocopheryl acetate, capric acid, potassium sorbate, ci 60730, caramel, ci 42090, methylparaben, tartaric acid, ethylparaben, propylparaben, butylparaben, bht.","lactic acid, menthol, panthenol, piroctone olamine, retinyl palmitate, tocopheryl acetate",Hair Tonic,,,Hair Tonic
P030,Cave Hair Tonic,Hair Tonic ,https://www.watsons.co.id/id/cave-cave-hair-tonic-150ml/p/BP_43416,1/7/2026,Cave,150,ml,150000,"aqua, alcohol denat, peg-40 hydrogenated castor oil, aleurites moluccana extract, fragrance (parfum) components and finished fragrances, panthenol, propylene glycol, menthol, capsicum annuum extract, cetyl pyridium chloride, ci 42090, biotin.","biotin, menthol, panthenol",Hair Tonic,,,Hair Tonic
P031,Heat&Sun Protection Detangle Spray,Heat Protection Spray,https://www.sociolla.com/shampoo/85377-heat-and-sun-protection-detangle-spray,1/9/2026,Beamarry New York,200,ml,167580,"aqua, trideceth-10 amodimethicone, dimethiconol, glycerin, cocodimonium hydrox/propyl hydrolyzed keratin, propylene glycol, panthenol, tea-dodecylbenzenesulfonate, peg-40 hydrogenated castor oil, cetrimonium chloride, ethyl lauroyl arginate hcl, sodium citrate, benzophenône 4, parfum ethylhexy glycerin, 12-hexane diol citric acid, argania spinosá kernel oil, cocos nucifera (coconut) oil macadamia ternifo lia seed oil, sodium hivaluronate vitex trifola fruit extract, keratin, endrolvzed keratin oxidized keratin.","hydrolyzed keratin, keratin, panthenol",Heat Protection Spray,,,Heat Protection
P032,Pantene Conditioner Miracles Collagen Repair for Damage Care,Conditioner,https://www.tokopedia.com/watsons-indonesia-official-store/pantene-conditioner-miracles-collagen-repair-for-damage-care-70ml?extParam=ivf%3Dfalse%26keyword%3Dconditioner%26search_id%3D202601091126430BB4AEC17105210F8KP8%26src%3Dsearch&t_id=1767957222016&t_st=4&t_pp=search_result&t_efo=search_pure_goods_card&t_ef=goods_search&t_sm=&t_spt=search_resulty,1/9/2026,Pantene,70,ml,18000,"water, silicone quaternium-26, stearyl alcohol, cetyl alcohol, benzyl alcohol, disodium edta, polysorbate 20, hexyl cinnamal, panthenol, histidine, panthenyl ethyl ether, citric acid, collagen.",panthenol,Conditioner,,,Conditioner
P033,LOreal Total Repair 5 Hair Spa Mask,Hair Mask,https://www.watsons.co.id/id/l-oreal-l-oreal-total-repair-5-hair-spa-mask-200ml/p/BP_48665,1/9/2026,Loreal,200,ml,100400,"aqua/water, cetearyl alcohol, behentrimonium chloride, glycerin, cetyl esters, hydroxypropyltrimonium hydrolyzed wheat protein, dodocene, phenoxyethanol, arginine, chlorhexidine digluconate, poloxamen 407, limonene, linalool, benzyl salicylate, isopropyl myristate, 2-oleamido-1,3-octadecandediol, serine, bht, citric acid, butylphenyl methylpropional, lauryl peg/ppg-18/18 methicone, glutamic acid, hexyl cinnamal, glyceryl linoleate, glyceryl oleate, glyceryl linolenate, parfum/fragrance (f.i.l. c37037/1/.","arginine, hydrolyzed wheat protein",Hair Mask,,,Hair Mask
P034,Hair Mask Pro Keratin Hair Repair Tube ,Hair Mask,https://www.watsons.co.id/id/ellips-hair-mask-pro-keratin-hair-repair-tube-120g/p/BP_72506,1/9/2026,Ellips,120,g,58500,aqua cetearyl alcohol dimethicone dimethiconol cetyl ester amodimethicone cyclotetrasiloxane trideceth12 cetrimonium chloride cyclopentasiloxane sodium benzoate dimethyl palmitamine steartrimonium chloride isopropyl alcohol potato starch modified fragrance phenoxyethanol methylparaben ethylparaben butylparaben propylparaben lactic acid panthenol simmondsia chinensis seed oil tocopheryl acetate soybean glycine soja oil retinyl palmitate ascorbyl palmitate.,"lactic acid, panthenol, retinyl palmitate, tocopheryl acetate",Hair Mask,,,Hair Mask
P035,Kerastase Chronologiste Hair Oil ,Hair Oil,https://www.tokopedia.com/kerastaseofficial/kerastase-chronologiste-hair-oil-75ml-hair-perfume-in-oil-parfum-rambut-dan-serum-untuk-rambut-rapuh-kusam-1730674859546937228?extParam=src%3Dshop%26whid%3D13679389&aff_unique_id=&channel=others&chain_key=,1/9/2026,Kerastase,75,ml,1200000,"isododecane, caprylic/capric triglyceride, dimethicone, dicaprylyl ether, dimethiconol, trimethylsiloxysilicate, parfum / fragrance, linalool, argania spinosa kernel oil, helianthus annuus seed oil / sunflower seed oil, limonene, citronellol, jasminum grandiflorum flower extract / jasmine flower extract, tocopherol, geraniol, benzyl alcohol, benzyl benzoate, commiphora myrrha resin extract","argania spinosa kernel oil, tocopherol",Hair Oil,,,Hair Oil
P036,Kerastase Serum Potentialiste ,Hair serum,https://www.tokopedia.com/kerastaseofficial/kerastase-serum-potentialiste-90ml-scalp-barrier-serum-serum-untuk-keseimbangan-microbiome-di-kulit-kepala-mengandung-10-bifidus-probiotic-prebiotic-1-vitamin-c-1729961148801648524?extParam=whid%3D13679389%26src%3Dshop&aff_unique_id=&channel=others&chain_key=,1/9/2026,Kerastase,90,ml,770000,"aqua / water / eau, alcohol denat., bifida ferment lysate, ascorbyl glucoside, aminomethyl propanol, peg-40 hydrogenated castor oil, carbomer, mannose, polysorbate 21, alpha-glucan oligosaccharide, phenoxyethanol, glycerin, pentylene glycol, polymnia sonchifolia root juice, faex extract / yeast extract / extrait de levure, sodium benzoate, maltodextrin, limonene, geraniol, hexyl cinnamal, benzyl benzoate, benzyl alcohol, lactobacillus, linalool, citral, parfum / fragrance.",,Hair Serum,,,Hair Serum
P037,Kerastase Bain Nutri Genesis ,Shampoo,https://www.tokopedia.com/kerastaseofficial/kerastase-bain-nutri-genesis-500ml-anti-hair-fall-shampoo-thick-hair-shampoo-untuk-rambut-rontok-patah-helaian-tebal-1730357209723602828?extParam=src%3Dshop%26whid%3D13679389&aff_unique_id=&channel=others&chain_key=,1/9/2026,Kerastase,500,ml,998000,"aqua (water / eau), sodium laureth sulfate, ammonium lauryl sulfate, cocamidopropyl betaine, sodium chloride, parfum (fragrance), glycol distearate, cocamide mea, laureth-7, citric acid, sodium benzoate, sodium hydroxide, polyquaternium-10, peg-4 rapeseedamide, menthol, guar hydroxypropyltrimonium chloride, caffeine, arginine, serine, hydrolyzed keratin, hydrolyzed wheat protein, tocopherol (vitamin e), linalool, hexyl cinnamal, benzyl salicylate, limonene, geraniol, ci 17200 (red 33).","arginine, caffeine, hydrolyzed keratin, hydrolyzed wheat protein, keratin, menthol, tocopherol",Shampoo,,,Shampoo
P038,SDB Heat Protection Spray ,HEAT PROTECTION,https://www.tokopedia.com/nimetolshop/sdb-heat-protection-spray-100ml-keratin-collagen-melindungi-rambut-rusak-kusut-catok-hair-dryer-1730888079183414903?extParam=ivf%3Dfalse%26keyword%3Dheat+protectant%26search_id%3D20260109111329357A6FDF7642BF2E6BEZ%26src%3Dsearch&t_id=1767957222016&t_st=1&t_pp=search_result&t_efo=search_pure_goods_card&t_ef=goods_search&t_sm=&t_spt=search_result,1/9/2026,Sdb,100,ml,65490,"aqua (water), cyclopentasiloxane, dimethicone, cyclohexasiloxane,hydrolyzed keratin, collagen, panthenol,glycerin, polyquaternium-7, peg-12 dimethicone,phenoxyethanol, ethylhexylglycerin,disodium edta, citric acid,parfum (fragrance).","hydrolyzed keratin, keratin, panthenol",Heat Protection,,,Heat Protection
P039,SCHWARZKOPF PROFESSIONAL OSIS+ Flatliner,HEAT PROTECTION,https://www.tokopedia.com/bandaneirastore/schwarzkopf-professional-osis-flatliner-heat-protection-spray-no-bonus-bf1e8?extParam=ivf%3Dfalse%26keyword%3Dheat+protectant%26search_id%3D20260109111329357A6FDF7642BF2E6BEZ%26src%3Dsearch%26whid%3D6198&t_id=1767957222016&t_st=2&t_pp=search_result&t_efo=search_pure_goods_card&t_ef=goods_search&t_sm=&t_spt=search_result,1/9/2026,Osis+,200,ml,65490,"aqua (water, eau), alcohol denat, propylene glycol, polyurethane-48, peg-60 hydrogenated castor oil, sodium benzoate, parfum (fragrance), bis-isobutyl peg/​ppg-20/​35/​amodimethicone copolymer, cetyl ethylhexanoate, lactic acid, polysorbate 80, butylene glycol, methylpropanediol, gluconolactone, hydrolyzed keratin, linalool, methyl benzoate.","hydrolyzed keratin, keratin, lactic acid",Heat Protection,,,Heat Protection
P040,Makarizo Advisor Hair Recovery Vitamax,HEAT PROTECTION,https://www.tokopedia.com/makarizo-advisor/makarizo-advisor-hair-recovery-vitamax-8mlx3-vitamin-rambut-hair-vitamin-serum-rambut-hair-serum-heat-protectant-perawatan-haircare-melembutkan-1733752031937398034?extParam=ivf%3Dfalse%26keyword%3Dheat+protectant%26search_id%3D20260109111329357A6FDF7642BF2E6BEZ%26src%3Dsearch&t_id=1767957222016&t_st=3&t_pp=search_result&t_efo=search_pure_goods_card&t_ef=goods_search&t_sm=&t_spt=search_result,1/9/2026,Makarizo,28,mLx,35000,"cyclotetrasiloxane, cyclopentasiloxane, dimethiconol, phenyl trimethicone, tocopheryl acetate, perfume, hydrolyzed silk pg-propyl, hydrogenated soybean oil, retinyl palmitate, ascorbyl palmitate.","hydrolyzed silk, retinyl palmitate, tocopheryl acetate",Heat Protection,,,Heat Protection
P041,Voluminous & Grow Scalp Treatment Hair Tonic Serum,Hair Tonic,https://www.sociolla.com/hair-tonic/75578-voluminous-and-grow-scalp-treatment-hair-tonic-serum,1/28/2026,Hairmony,100,mL,102860,"water, alcohol denat, propylene glycol, glicerine, panax ginseng root extract, peg-40 hydrogenated castor oil, phenoxyethanol, butylene glycol, menthol, panthenol, ammonium acryloyldimethyltaurate/vp copolymer, arthemisia vulgaris extract, natrium edta, allantoin, ethylhexylglycerin, sophora flavescens root extract, capsicum anuum fruit extract, lycium chinense fruit extract, camellia cinesis leaf extract, angelca gigas root extract, angelca dahurica root extract, rubus coreanus fruit extract, morus alba root extract, pinus palustris leaf extract, lithospermum erythrorhizon root extract, polygonum ultifloronum root extract, citric acid, salicylic acid, sodium benzoate, potassium sorbate.","allantoin, menthol, panax ginseng root extract, panthenol, salicylic acid",Hair Tonic,,,Hair Tonic
P042,Kundal Scalp Care and Caffeine Shampoo,Shampoo,https://www.sociolla.com/shampoo/70784-kundal-scalp-care-and-caffeine-shampoo,1/28/2026,Kundal,500,mL,169500,"1,2-hexanediol, allantoin, alpha-isomethyl ionone, angelica gigas extract, aqua, asarum sieboldii root extract, betaine, butylene glycol, caffeine, camellia japonica leaf extract, camellia sinensis leaf extract, caprylyl glycol, carthamus tinctorius flower extract, ceratonia siliqua fruit extract, citric acid, coco-betaine, coco-glucoside, cordyceps sinensis extract, coumarin, decyl glucoside, dioscorea japonica root extract, diospyros kaki fruit extract, dipotassium glycyrrhizate, dipropylene glycol, fragrance (parfum) components and finished fragrances, ginkgo biloba leaf extract, glycerin, glycine max seed extract, glycyrrhiza glabra root extract, guar hydroxypropyltrimonium chloride, hexyl cinnamal, hydrolyzed collagen, hydroxyacetophenone, hydroxycitronellal, linalool, lithospermum erythrorhizon root extract, lycium chinense fruit extract, menthol, morus alba bark extract, niacinamide, paeonia lactiflora root extract, panax ginseng root extract, panthenol, polygonum multiflorum root extract, portulaca oleracea extract, propylene glycol laurate, rheum palmatum root extract, salicylic acid, sodium chloride, sodium coco-sulfate, sodium gluconate, sophora flavescens root extract, thuja occidentalis leaf extract, ulmus davidiana root extract, ziziphus jujuba fruit extract.","allantoin, caffeine, camellia sinensis leaf extract, glycyrrhiza glabra root extract, menthol, niacinamide, panax ginseng root extract, panthenol, polygonum multiflorum root extract, salicylic acid",Shampoo,,,Shampoo
P043,Euphoria Perfume Silky Conditioner,Conditioner,https://www.sociolla.com/conditioner/91174-euphoria-perfume-silky-conditioner,1/28/2026,Hairoic,180,gr,34048,"hair moisturizing agent, vitamin e, vitamin c (citrus sinensis peel extract), vitamin b5 (panthenol), glycerin, aloe vera extract, allantoin, hair & scalp nutrition, vitamin e, vitamin b5 (panthenol), niacinamide, soothing agent, allantoin, aloe vera extract, vitamin b5 (panthenol), triple scalp barrier protection, blooming fragrance.","allantoin, niacinamide, panthenol",Conditioner,,,Conditioner
P044,Orange Flower Color Protect Hair Mask,Hair Mask,https://www.sociolla.com/hair-mask/9720-orange-flower-color-protect-hair-mask,1/28/2026,Dancoly,500,gr,251100,"aqua/water, citrus aurantium amara flower extract, vitis vinifera (grape) seed oil, pelargonium graveolens (geranium) extract, glyceryl stearates, dimethicone/peg-10/15 crosspolymer, dimethicone/silsesquioxane copolymer, polyoxyethylene cetyl-stearyl ether, simmondsia chinensis (jojoba) oil peg-8 esters, rosa rugosa flower extract, peg-4 sorbitan stearate, hyaluronic acid, hydroxypropyl guar, phenoxyethanol.",,Hair Mask,,,Hair Mask
P045,Hair Loss Shampoo,Shampoo,https://www.sociolla.com/shampoo/59448-lador-hair-loss-shampoo?size=530ml,1/28/2026,Dancoly,530,gr,303400,"water, decyl glucoside, lauryl glucoside, sodium cocoyl glutamate, cocodimonium hydroxypropyl hydrolyzed wheat protein, sophora flavescens root extract, capsicum annuum extract, lycium chinense fruit extract, camellia sinensis leaf extract, angelica gigas root extract, angelica dahurica root extract, rubus coreanus fruit extract, morus alba root extract, pinus palustris leaf extract, lithospermum officinale root extract, polygonum multiflorum root extract, menthol, propylene glycol, salicylic acid, dexpanthenol, rosmarinus officinalis (rosemary) leaf oil, lavandula angustifolia (lavender) oil, ocimum basilicum (basil) oil, salvia sclarea (clary) oil, pelargonium graveolens flower oil, citrus grandis (grapefruit) peel oil, citrus limon (lemon) peel oil, citrus aurantium dulcis (orange) peel oil, citrus aurantium bergamia (bergamot) fruit oil, sodium hyaluronate, niacinamide, citric acid, 1,2-hexanediol, caprylyl glycol, polyquaternium-10, disodium edta, limonene.","camellia sinensis leaf extract, hydrolyzed wheat protein, menthol, niacinamide, panthenol, polygonum multiflorum root extract, salicylic acid",Shampoo,,,Shampoo
P046,Hair Tonic Biotin Hairfall Control ,Hair Tonic,https://www.watsons.co.id/id/dove-hair-tonic-biotin-hairfall-control-75ml/p/BP_64363,1/31/2026,Dove,75,ml,47000,"water, oleth-20, phenoxyethanol, glycerin, caprylyl glycol, perfume, disodium edta, zinc sulfate heptahydrate, hydrolyzed yeast protein, urea, sodium benzoate, disodium phosphate, sodium hydroxide, potassium sorbate, biotin, citric acid, ceramide ng.",biotin,Hair Tonic,,,Hair Tonic
P047,Hair Energy Aloe & Melon,Creambath,https://www.watsons.co.id/id/makarizo-hair-energy-aloe-melon-500g/p/BP_47079,1/31/2026,Makarizo,500,g,120600,"water, cetearyl alcohol, paraffinum liquidum, ethylhexyl palmitate, propylene glycol, cetyl esters, cetrimonium chloride, fragrance, behentrimonium chloride, amodimethicone, ceteareth-20, bis (13-15 alkoxy) pg amodimethicone, aloe barbadensis leaf extract, dmdm hydantoin, panthenyl ethyl ether, c14-15 alcohols, steartrimonium chloride, trideceth-12, trideceth-10, menthol, cl 47005, cl 42090, phenoxyethanol, butylene glycol, menthyl lactate, lactic acid, iodopropynyl butylcarbamate, passiflora edulis seed oil, isotridecanol, cyclotetrasiloxane, oryza sativa (rice) bran oil, hydrolyzed keratin, magnesium nitrate, euterpe oleracea fruit oil, methylchloroisothiazolinone, magnesium chloride, citrus aurantifolia (lime) fruit extract, methylisothiazolinone, persea gratissima fruit extract, trigonella foenum-graecum seed extract, cucumis melo (melon) fruit extract.","hydrolyzed keratin, keratin, lactic acid, menthol",Creambath,,,Creambath
P048,Grace and Glow Hair Vitamin Mist ,Hair Mist,https://www.tokopedia.com/graceandglowofficial/grace-and-glow-hair-vitamin-mist-silk-protect-daisy-peony-blush-haircare-perawatan-treatment-rambut-spray-untuk-melembutkan-rambut-kering-dan-bercabang-with-argan-oil-1729432845638928652?extParam=ivf%3Dfalse%26keyword%3D%09hair+mist%26search_id%3D2026013111594637BC2F75BF1BCF2F95EG%26src%3Dsearch&t_id=1769860690089&t_st=3&t_pp=search_result&t_efo=search_pure_goods_card&t_ef=goods_search&t_sm=&t_spt=search_result,1/31/2026,Grace And Glow,100,ml,34500,"water, glyserine, peg-40 hydrogenated castor oil, fragrance, phenoxyethanol, silk extract, chlorphenesin, panthenol, ethylhexylglycerin, disodium edta, butylene glycol, propylene glycol, anthemis nobilis flower extract, sclerocarya birrea fruit extract, butyrospermum parkii (shea) butter, olea europea fruit oil, helianthus annuus (sunflower oil) hydroxyacetophenone, calendula officinalis flower extract, hydrolyzed keratin.","hydrolyzed keratin, keratin, panthenol",Hair Mist,,,Hair Mist
P049,Real Argan Repairing Shampoo,Shampoo,https://www.sociolla.com/shampoo/79402-real-argan-repairing-shampoo?size=100ml,1/31/2026,Rated Green,100,ml,89100,"water, disodium laureth sulfosuccinate,cocamidopropyl betaine, lauramide mipa, sodium cocoyl isethionate, argania spinosa kernel oil, quillaja saponaria bark extract, coco-glucoside, sodium chloride, citric acid, sorbeth-30 tetraoleate, decyl glucoside, polyquaternium-10, trihydroxystearin, polyquaternium-22, caprylic/capric triglyceride, sodium citrate, caprylyl glycol, ethylhexylglycerin, soyamidopropylamine oxide, sodium phytate, sorbitan laurate, 1,2-hexanediol, glycolipids, tocopherol, betaine, panthenol, butylene glycol, acetyl hexapeptide-8, ascorbic acid polypeptide, acetyl octapeptide-3, acetyl tetrapeptide-2, acetyl tetrapeptide-3, acetyl tetrapeptide-5, acetyl tetrapeptide-9, carnosine, copper tripeptide-1, nonapeptide-1, palmitoyl pentapeptide-4, palmitoyl tripeptide-1, palmitoyl tripeptide-5, alcohol denat., cetearyl alcohol, sodium benzoate, potassium sorbate, fragrance(parfum).","argania spinosa kernel oil, ascorbic acid, copper tripeptide-1, panthenol, tocopherol",Shampoo,,,Shampoo
P050,Real Argan Smoothing Hair Serum,Hair Serum,https://www.sociolla.com/hair-serum/69202-real-argan-smoothing-hair-serum,1/31/2026,Rated Green,150,ml,231200,"cyclopentasiloxane, dimethiconol, dimethicone, argania spinosa kernel oil, c12-15 alkyl benzoate, water, glycolipids, alcohol denat., fragrance (parfum).",argania spinosa kernel oil,Hair Serum,,,Hair Serum
P051,MISSDAISY Perfume Hair Mask,Hair Mask,https://www.sociolla.com/hair-mask/76280-missdaisy-perfume-hair-mask-blackcurrant-and-vanilla-sugar,1/31/2026,Miss Daisy,250,ml,289000,"aqua, cetearyl alcohol, brassicamidopropyl dimethylamine, dimethicone, amodimethicone, cetearaeth-7, ceteareth-25, cyclopentasiloxane, fragrance, behentrimonium chloride, dipropylene glycol, glycolic acid, simmondsia chinensis seed oil, squalane, butyrospermum parkii, argania spinosa kernel oil, phenoxyethanol, polyquaternium-7, guar hydroxypropyltrimonium chloride, c10-40 isoalkylamidopropylethyldimonium ethosulfate, o-cymen-5-ol, hyrdolyzed wheat protein, silk amino acids, ceramide np, ceramide ap, ceramide eop, phytoshingosine, cholesterol, sodium lauroyl lactylate, carbomer, xanthan gum, nicotiamide.","argania spinosa kernel oil, ceramide np",Hair Mask,,,Hair Mask
P052,MDrop Dead Growgeous,Scalp Serum,https://www.sociolla.com/hair-serum/78251-drop-dead-growgeous-densifying-hair-scalp-serum,1/31/2026,Wonderlux,75,ml,166500,"aqua, butylene glycol, 2,4-diamino-pyrimidine-3-oxide (cas no 74638-76-9)), ammonium polyacryloyldimethyl taurate, niacinamide, propanediol, oryza sativa bran water, glycerin, panthenol, zingiber officinale extract, phenoxyethanol, chlorphenesin, nasturtium officinale flower/leaf extract, ppg-26-buteth-26, peg-40 hydrogenated castor oil, aloe barbadensis extract, pisum sativum sprout extract, sodium benzoate, magnesium ascorbyl phosphate, hydrolyzed corn protein, glycine, apigenin, adenosine, serine, glutamic acid, oleanolic acid, aspartic acid, leucine active ingredient 0.00071, biotinoyl tripeptide-1, alanine, arginine, tyrosine, phenylalanine, threonine, proline, valine, isoleucine, carnitine.","adenosine, arginine, biotin, niacinamide, oleanolic acid, panthenol",Scalp Serum,,,Scalp Serum
P053,Daikin Conditioner,Conditioner,https://www.sociolla.com/conditioner/58773-daikin-conditioner?size=450_ml,1/31/2026,Osweet Singapore,450,ml,327999,"hydrolyzed wheat protein, lactic acid, propylparaben, sodium lauroyl hydrolyzed silk, trideceth-12, aqua, behentrimonium chloride, cetearyl alcohol, cetrimonium chloride, cetyl alcohol, hydroxyethylcellulose, methylisothiazolinone, methylparaben, parfum, snail secretion filtrate, zingiber officinale extract, hyaluronic acid.","hydrolyzed silk, hydrolyzed wheat protein, lactic acid",Conditioner,,,Conditioner
P054,Hair Mistion! Eternal Bloom,Hair mist,https://www.sociolla.com/hair-mist/87300-eternal-bloom-smooth-nourishment-hair-mist,1/31/2026,Wonderlux,50,ml,327999,"water, trideceth-9, fragnance (parfum) components and finished fragrance, peg-40 hydrogenated castor oil, propanediol, phenoxyethanol, caprylic/capric triglyceride,ethoxydiglycol, pentaclethra macroloba seed oil, polysorbate 20, sodium pca,chlorphenesin, d-panthenol, disodium edta, o-cymen-5-ol, hydroxypropylgluconamide, hydroxypropyl ammonium gluconate, polyquaternium-7, glycerin, magnolia officinalis bark extract, zingiber officinale root extract, hydrolyzed jojobaesters, tartaric acid, benzyl alcohol, sodium benzoate, potassium sorbate.",panthenol,Hair Mist,,,Hair Mist
P055,Hair Volumizing Conditioner,Conditioner,https://www.sociolla.com/conditioner/91716-hair-volumizing-conditioner,1/31/2026,Woshday,340,ml,249000,"water, cetearyl alcohol, cetyl alcohol, glycerin, isopropyl palmitate, fragrance, cetyl esters, behentrimonium chloride, brassicyl valinate esylate, stearamidopropyl dimethylamine, phenoxyethanol, brassica alcohol, citric acid, isopropyl alcohol, cetrimonium chloride, chlorphenesin, calcium gluconate, colloidal oatmeal, guar hydroxypropyltrimonium chloride, panthenol, simmondsia chinensis seed oil, vitis vinifera seed oil, lactic acid, leuconostoc/radish root ferment filtrate, dihydroxypropyl arginine hcl, polyquaternium-7, tocopheryl acetate, aloe barbadensis leaf juice, sodium benzoate, camellia sinensis leaf extract, potassium sorbate.","arginine, camellia sinensis leaf extract, lactic acid, panthenol, tocopheryl acetate",Conditioner,,,Conditioner
P056,Hair Oil with Peppermint,Hair Oil ,https://www.sociolla.com/hair-oil/75451-hair-oil-with-peppermint,1/31/2026,Tumbuh Lab,60,ml,121500,"virgin coconut oil, castor oil, rosemary essential oil, lavender essential oil, peppermint essential oil.",,Hair Oil,,,Hair Oil
P057,Hold My Strands! Hair Fall Treatment Scalp Serum,Scalp Serum ,https://www.sociolla.com/hair-serum/82735-hold-my-strands-hair-fall-treatment-scalp-serum,1/31/2026,Wonderlux,75,ml,166500,"aqua, butylene glycol, tetrasodium, disuccinoyl cystine, propanediol, ammonium polyacryloyldimethyl taurate, hydroxypropylgluconamide, niacinamide, aloe barbadensis extract, oryza sativa bran water, hydroxypropylammonium gluconate, glycerin, ethanol, pathenol, chlorphenesin, phenoxyethanol, zingiber officinale extract, ppg-26-buteth-26, peg-40 hydrogenated castor oil, phyllanthus emblica fruit extract, bioflavonoids, glycine, apigenin, serine, glutamic acid, oleanolic acid, aspartic acid, leucine, biotinoyl tripeptide-1, alanine, lysine, arginine, tyrosine, phenylalanine, threonine, proline, valine, isoleucine, histidine.","arginine, biotin, niacinamide, oleanolic acid",Scalp Serum,,,Scalp Serum
P058,Drop Dead Growgeous! Hair Densifying Conditioner, Conditioner,https://www.sociolla.com/conditioner/92385-drop-dead-growgeous-hair-densifying-conditioner,1/31/2026,Wonderlux,160,ml,62100,"aqua, cetearyl alcohol, glycerin, mineral oil, fragrance (parfum) components and finished fragrances, stearamidopropyl dimethylamine, dimethiconol, behentrimonium chloride, dimethicone, propanediol, ceteareth-22, phenoxyethanol, cetrimonium chloride, hydrolyzed jojoba esters, citric acid, dipropylene glycol, amodimethicone, chlorphenesin, bisamino peg/ppg-41/3 aminoethyl pg-propyl dimethicone, laureth-4, laureth-5, laureth-23, peg-55 stearate, disodium edta, bht, xanthan gum, caprylyl glycol, butylene glycol, ci 19140, ci 42090, peg-26-buteth-26, peg-40 hydrogenated castor oil, magnesium ascorbyl phosphate, hydrolyzed corn protein, sodium benzoate, arginine, glycine, adenosine, serine, glutamic acid, aspartic acid, leucine, apigenin, alanine, lysine, tyrosine, phenylalanine, threonine, proline, valine, oleanolic acid, isoleucine, biotinoyl tripeptide-1, histidine, carnitine..","adenosine, arginine, biotin, oleanolic acid",Conditioner,,,Conditioner
P059,Pomelo Hair Tonic,Hair Tonic,https://www.sociolla.com/hair-serum/75608-pomelo-hair-tonic,1/31/2026,Cocoon,140,ml,114000,"water, isododecane, c15-19 alkane, glycerin, citrus grandis peel oil, xylitylglucoside, anhydroxylitol, maltitol, xylitol, pelvetia canaliculata extract, propanediol, arginine, lactic acid, glycine soja germ extract, triticum vulgare germ extract, scutellaria baicalensis root extract, bisabolol, gluconolactone, calcium gluconate, panthenol, betaine, citrus aurantium dulcis peel oil, mentha piperita oil, sodium polyacrylate starch, glycereth-26, phenyl trimethicone, caprylyl methicone, trisodium ethylenediamine disuccinate, ethyhexylglycerin, bht, phenoxyethanol, sodium benzoate.","arginine, lactic acid, panthenol",Hair Tonic,,,Hair Tonic
P060,My Hair Recipe Essential Oil Serum,Hair Oil,https://www.sociolla.com/hair-oil/79102-my-hair-recipe-essential-oil-serum,1/31/2026,Innisfree,100,ml,110400,"cyclopentasiloxane, dimethiconol, octyldodecanol, camellia japonica seed oil, trisiloxane, fragrance / parfum, glycolipids, glycerin, water / aqua / eau, ceramide np, camellia japonica flower extract, phytosphingosine, hydrogenated lecithin,camellia japonica leaf extract.",ceramide np,Hair Oil,,,Hair Oil
P061,OSweet Singapore Anti-Dandruff & Oil Control Shampoo,Shampoo,https://www.sociolla.com/shampoo/79044-o-sweet-singapore-anti-dandruff-and-oil-control-shampoo,1/31/2026,Osweet Singapore,300,ml,241799,"water, sodium lauryl alcohol polyether sulfate, essence, c8-c14 alkyl glucoside, octyl glucoside, bis aminopropyl polydimethylsiloxane, polydimethylsiloxane alcohol, cetyl alcohol, sodium stearoyl lactylate, cocamidopropyl pg dimethyl ammonium chloride, sorbitan tristearate, lysine thiazolidinecarboxylate, guar gum hydroxypropyl trimethyl ammonium chloride, allantoin, menthol, potassium cocoyl glycine potassium lauroyl sarcosine, glycerin, sodium lauryl ether sulfate, ethylene glycol distearate, polylysine, pyrrolidone ethanolamine salt, dichlorobenzyl alcohol, citric acid, silk fibroin, coconut amide dea, titanium dioxide, quaternary ammonium salt - 80, coconut glucoside, propylene glycol, sodium isostearyl lactylate, sodium lactate, polyquaternary ammonium salt - 7, benzyl alcohol, phenoxyethanol, sodium benzoate, methyl isothiazolinone.","allantoin, menthol",Shampoo,,,Shampoo
P062,Argan Repair Hairmask,Hairmask,https://www.sociolla.com/hair-mask/9718-argan-repair-hairmask-?size=550_gr,1/31/2026,Dancoly,550,ml,257140,"no mineral oil/paraffin oil/vaseline, no propylene glycol, no animal testing, organic natural ingredients (89%), bpom, serta telah tersertifikasi gmp & fda.",,Hairmask,,,Hair Mask
P063,Texture Experience Creambath Mint Sorbet Purifying & Refreshing Treatment,Hairmask,https://www.sociolla.com/hair-mask/28164-texture-experience-creambath-mint-sorbet-purifying-and-refreshing-treatment?size=200ml,1/31/2026,Makarizo Professional,200,ml,92250,"piroctone olamine, menthol, panthenol, hydrolyzed collagen.","menthol, panthenol, piroctone olamine",Hairmask,,,Hair Mask
P064,Ginseng & Chesnut Seed Extract Hair Tonic With Biotin & Panthenol,Hair Tonic,https://www.sociolla.com/hair-tonic/80556-ginseng-and-chesnut-seed-extract-hair-tonic-with-biotin-and-panthenol,1/31/2026,Votre Peau,100,ml,112200,"ekstrak ginseng, horse chestnut, retinyl palmitate, biotin, panthenol.","biotin, panthenol, retinyl palmitate",Hair Tonic,,,Hair Tonic
P065,Dreamy Hour Perfume Hair Vitamin Mist,Hair Misk,https://www.sociolla.com/hair-mist/91175-dreamy-hour-perfume-hair-vitamin-mist,1/31/2026,Hairoic,50,gr,122400,"itamin e, vitamin c (citrus sinensis peel extract), vitamin b5 (panthenol), glycerin, aloe vera extract, allantoin, niacinamide, triple shaft protection, dan blooming fragrance.","allantoin, niacinamide, panthenol",Hair Misk,,,Hair Mist
P066,Amethyst Anti Dandruff Shampoo,Shampoo,https://www.sociolla.com/hair-mist/91175-dreamy-hour-perfume-hair-vitamin-mist,1/31/2026,Grace And Glow,400,ml,77625,"aqua, sodium laureth sulfate, glycerin, cocamidopropyl betaine, disodium lauroamphodiacetate, parfum, dimethicone, climbazole, sodium chloride, lactobacillus ferment, c12-13 alkyl lactate, citric acid, dichlorobenzyl alcohol, zinc gluconate, glycol distearate, disodium lauryl sulfosuccinate, cocamide dea, laureth-3, disodium edta, methylparaben, guar hydroxypropyltrimonium chloride, panthenol, hydrogenated castor oil, cocamide methyl mea, c12-13 alcohols, thuja orientalis extract, magnesium nitrate, hydrolyzed yeast extract, glucose, propylene glycol, phenoxyethanol, hydroxyacetophenone, 1,2-hexanediol, methylchloroisothiazolinone, lactic acid, lactococcus ferment lysate, magnesium chloride, ci 42090, sodium hyaluronate, methylisothiazolinone, ethylhexylglycerin, ci 16255.","climbazole, lactic acid, panthenol, zinc gluconate",Shampoo,,,Shampoo
P067,Mielle Rosemary Mint Scalp Hair Strengthening Oil,Hair Oil,https://www.tokopedia.com/beauty-change-storeid/mielle-rosemary-mint-scalp-hair-strengthening-oil-59ml-conditioner-dengan-biotin-untuk-rambut-kuat-berkilau-dan-kulit-kepala-sehat-1733558285217072601?extParam=ivf%3Dfalse%26keyword%3Dperawatan+rambut%26search_id%3D20260207122913577BCC914F9E553B9HOB%26src%3Dsearch&t_id=1770467395580&t_st=2&t_pp=search_result&t_efo=search_pure_goods_card&t_ef=goods_search&t_sm=&t_spt=search_result,1/31/2026,Mielle,59,ml,197000,"soybean oil, castor seed oil, coconut oil, olive fruit oil, sweet almond oil, wheat germ oil, sunflower seed oil, grapeseed oil, jojoba seed oil, babassu seed oil, essential oil blend, rosemary leaf oil, peppermint oil, eucalyptus oil, biotin, horsetail extract, nettle leaf extract, chamomile flower extract.",biotin,Hair Oil,,,Hair Oil
P068,Marula Oil Hair Serum,Hair Serum,https://www.sociolla.com/hair-serum/52711-marula-oil-hair-serum,1/31/2026,Dancoly,60,ml,278100,"helianthus annuus (sunflower) seed oil, cyclopentasiloxane, dimethicone/silsesquioxane copolymer, marula oil, macadamie ternifolia seed oil, parfum/fragrance.",,Hair Serum,,,Hair Serum
P069,MK3 Repair & Revive Hair Mask Jar,Hair Mask,https://www.sociolla.com/hair-serum/52711-marula-oil-hair-serum,1/31/2026,Makarizo Professional,500,ml,245880,"aqua, cetearyl alcohol, glycerin, c12-15 alkyl benzoate, parfum, behentrimonium chloride, phenoxyethanol, cetrimonium chloride, panthenol, ethylhexylglycerin, sodium pca, ceteareth-20, sodium lactate, polysilicone-15, arginine, aspartic acid, pca, tetrasodium edta, argania spinosa kernel oil, cocos nucifera oil, glycine soja (soybean) oil, helianthus annuus seed oil, ethyl macadamiate, glycine, alanine, serine, valine, isoleucine, proline, threonine, actinidia chinensis (kiwi) fruit extract, histidine, phenylalanine, niacinamide, aesculus hippocastanum seed extract, yeast extract, ammonium glycyrrhizate, zinc gluconate, caffeine, tocopherol, biotin.","aesculus hippocastanum seed extract, argania spinosa kernel oil, arginine, biotin, caffeine, niacinamide, panthenol, tocopherol, zinc gluconate",Hair Mask,,,Hair Mask
P070,Wonder Hair Oil,Hair Oil,https://www.sociolla.com/hair-serum/52711-marula-oil-hair-serum,1/31/2026,La Dor,100,ml,294000,"cyclopentasiloxane, cyclohexasiloxane, isopropyl myristate, dimethicone, isododecane, c12-15 alkyl benzoate, hydrogenated ethylhexyl olivate, hydrogenated olive oil unsaponifiables, amodimethicone, persea gratissima (avocado) oil, argania spinosa kernel oil, tocopheryl acetate, moringa oleifera seed oil, camellia japonica seed oil, macadamia ternifolia seed oil, sclerocarya birrea seed oil, squalane, helianthus annuus (sunflower) seed oil, fragrance.","argania spinosa kernel oil, tocopheryl acetate",Hair Oil,,,Hair Oil
P071,Hair Mistl,Hair Mist,https://www.sociolla.com/hair-serum/52711-marula-oil-hair-serum,1/31/2026,Tumbuh Lab,100,ml,117000,"rosewater, rosemary essential oil, green tea essential oil, ylang ylang essential oil, cedarwood essential oil.",,Hair Mist,,,Hair Mist
P072,BONVIE COCO Hair Oil Scalp & Hair Treatment,Hair Oil,https://www.sociolla.com/hair-oil/86022-bonvie-coco-hair-oil-scalp-and-hair-treatment,1/31/2026,Bonvie,30,ml,63000,"coconut oil, kemiri, peppermint oil, tocopherol.",tocopherol,Hair Oil,,,Hair Oil
P073,Conditioner with Cinnamon & Amino Acid,Conditioner,https://www.sociolla.com/conditioner/63188-conditioner-with-cinnamon-and-amino-acid,1/31/2026,Ree Derma Wellness,250,ml,130500,"aqua, cetearyl alcohol, cetyl ester, behentrimonium chlroide, glycerine, lauryl acid, rosmarinus officinalis flower extract, glycine soja extract, eugenia carophyllus bud oil, phenoxyethanol, illicium verum extract, cinnamomum casia bark extract, isopropanol, sodium benzoate, myristic acid, pimpinella anisum fruit extract, cetrimonium chloride, niacinamide, palmitic acid, caprylic acid, lechitin, oleic acid, capric acid, lechitin, oleic acid, capric acid, l(+) lactic acid, arginine, stearic acid, linoleic acid, caproic acid, ethyl lauroyl arginate hcl, tetrasodium glutamate diacetate.","arginine, lactic acid, niacinamide",Conditioner,,,Conditioner
P074,MK3 Damage Repair Shampoo,Shampoo,https://www.sociolla.com/shampoo/84320-mk3-damage-repair-shampoo,1/31/2026,Makarizo Professional,250,ml,184464,"aqua, sodium cocoyl isethionate, glycerin, cocamidopropyl betaine, sodium lauroyl sarcosinate, c15-19 alkane, parfum, peg-120 methyl glucose trioleate, acrylates/c10-30 alkyl acrylate crosspolymer, phenoxyethanol, polyquaternium-47, c12-15 alkyl benzoate, guar hydroxypropyltrimonium chloride, sodium hydroxide, peg-40 hydrogenated castor oil, panthenol, ethylhexylglycerin, sodium pca, sodium lactate, cocos nucifera oil, helianthus annuus seed oil, tetrasodium edta, ethyl macadamiate, arginine, aspartic acid, pca, glycine, alanine, serine, sodium benzoate, valine, isoleucine, proline, threonine, histidine, phenylalanine, niacinamide, aesculus hippocastanum seed extract, yeast extract, ammonium glycyrrhizate, methylchloroisothiazolinone, zinc gluconate, methylisothiazolinone, caffeine, tocopherol, biotin.","aesculus hippocastanum seed extract, arginine, biotin, caffeine, niacinamide, panthenol, tocopherol, zinc gluconate",Shampoo,,,Shampoo
P075,MK3 Repair and Revive Conditioner,Conditioner,https://www.sociolla.com/conditioner/84321-mk3-repair-and-revive-conditioner,1/31/2026,Makarizo Professional,250,ml,184464,"aqua, cetearyl alcohol, glycerin, parfum, c12-15 alkyl benzoate, behentrimonium chloride, phenoxyethanol, cetrimonium chloride, ethylhexylglycerin, sodium pca, ceteareth-20, sodium lactate, polysilicone-15, arginine, aspartic acid, pca, tetrasodium edta, argania spinosa kernel oil, helianthus annuus seed oil, ethyl macadamiate, glycine, alanine, serine, valine, isoleucine, proline, threonine, histidine, phenylalanine, tocopherol.","argania spinosa kernel oil, arginine, tocopherol",Conditioner,,,Conditioner
P076,Diane Power Treatment Hair Mask ,Hair Mask,https://www.sociolla.com/hair-mask/80754-diane-power-treatment-hair-mask-230g,1/31/2026,Moist Diane,230,ml,164000,"aqua, stearyl alcohol, sorbitol, behentrimonium chloride, dimethicone, fragrance (parfum) components and finished fragrances, phenoxyethanol, isopropyl alcohol, hydroxyethylcellulose, quaternium-33, butylene glycol, arginine, glutamic acid, argania spinosa kernel oil, hydrolyzed collagen, hydrolyzed egg shell membrane, glycerin, alcohol, hydrolyzed milk protein, hydrolyzed keratin pg-propyl methylsilanediol, propylene glycol, laurdimonium hydroxypropyl hydrolyzed keratin, hydrolyzed keratin, hydrolyzed silk, keratin, polyquaternium-61, distearyldimonium chloride, cholesterol, ceramide ng, ceramide as, ceramide np, ceramide ap, ceramide eop, caramel.","argania spinosa kernel oil, arginine, ceramide np, hydrolyzed keratin, hydrolyzed silk, keratin",Hair Mask,,,Hair Mask
P077,Hijab Expert Hair Fall Treatment Shampoo, Shampoo,https://www.sociolla.com/shampoo/25190-hijab-expert-hair-fall-treatment-shampoo?size=320_gr,1/31/2026,Safi,230,ml,64900,"water, sodium laureth sulfate, cocamidopropyl betaine, dimethiconol, glyceryl stearate, glycerin, panthenol, carbomer, sodium chloride, styrene/acrylates copolymer, guarhydroxypropyltrimonium chloride, sodium hydroxide, tetrasodium edta, peg-14m, charcoal powder, hydrolyzed wheat protein, nigella sativa (habbatus sauda) seed oil, fragrance, methylchloroisothiazolinone, methylisothiazolinone. climbazole, carbomer, menthol, styrene/acrylates copolymer, guar hydroxypropyltrimonium chloride, copolymer, guar hydroxypropyltrimonium chloride, silicone quaternium-16, peg-14m, sodium hydroxide, argania spinosa kernel oil, sodium chloride.","argania spinosa kernel oil, climbazole, hydrolyzed wheat protein, menthol, panthenol",Shampoo,,,Shampoo
P078,Deep Nourish Repair Hair Oil,Hair Oil,https://www.sociolla.com/hair-oil/75544-deep-nourish-repair-hair-oil,1/31/2026,Ree Derma Wellness,100,ml,182600,"lauric acid, olive (olea europaea) oil, myristic acid, palmitic acid, caprilyc acid, oleic acid, capric acid, stearic acid, linoleic acid, parfum, caproic acid, tocopheryl acetate, biotin, turmeric (curcuma longa) extract, isononyl isononanoate, isostearoyl hydrolyzed keratin.","biotin, hydrolyzed keratin, keratin, tocopheryl acetate",Hair Oil,,,Hair Oil
P079,Daeng Gi Meo Ri - Vitalizing Shampoo,Shampoo,https://www.tokopedia.com/daenggimeoriid/daeng-gi-meo-ri-vitalizing-shampoo-300ml-shampo-perawatan-rambut-rontok-kering-dan-ketombe-1729383425484752232?extParam=ivf%3Dfalse%26keyword%3Dperawatan+rambut%26search_id%3D20260207122913577BCC914F9E553B9HOB%26src%3Dsearch&t_id=1770467395580&t_st=3&t_pp=search_result&t_efo=search_pure_goods_card&t_ef=goods_search&t_sm=&t_spt=search_result,1/31/2026,Daeng Gi Meo Ri,300,ml,199000,"water (aqua), sodium laureth sulfate, cocamidopropyl betaine, sodium chloride, glycol distearate, cocamide mea, citric acid, polyquaternium-10, panthenol, salicylic acid, menthol, alcohol, peg-150 distearate, disodium edta, phenoxyethanol, fragrance (parfum), ginseng root extract, rehmannia chinensis root extract, houttuynia cordata extract, green tea extract, artemisia extract, cnidium officinale root extract.","menthol, panthenol, salicylic acid",Shampoo,,,Shampoo
P080,Perfumed Hair Oil Hinoki,Hair Oil,https://www.sociolla.com/hair-oil/75977-lador-perfumed-hair-oil-hinoki?size=80ml,1/31/2026,La Dor,80,ml,287000,"cyclopentasiloxane, dimethicone, dimethiconol, c12-15 alkyl benzoat, cyclohexasiloxane, squalane, amodimethicone, persea gratissima (avocado) oil, argania spinosa kernel oil, tocopheryl acetate, camellia japonica seed oil, corylopsis coreana extract, water, lactobacillus/rice ferment, angelica koreana root extract, butylene glycol, 1,2-hexanediol, keratin, elastin, gelatin, fragrance, limonene, linalool, coumarin, citronellol, hydroxycitronellal.","argania spinosa kernel oil, keratin, tocopheryl acetate",Hair Oil,,,Hair Oil
P081,MK3 Restructuring Serum Bottle,Hair Serum,https://www.sociolla.com/hair-serum/84323-mk3-restructuring-serum-bottle,1/31/2026,Makarizo Professional,50,ml,217008,"aqua, diglycerin, peg-40 hydrogenated castor oil, parfum, polyquaternium-47, cetrimonium chloride, phenoxyethanol, panthenol, actinidia chinensis (kiwi) fruit extract, ethylhexylglycerin, sodium pca, sodium lactate, arginine, tetrasodium edta, aspartic acid, pca, sodium benzoate, cocos nucifera oil, ethyl macadamiate, glycine, alanine, serine, valine, isoleucine, proline, threonine, histidine, phenylalanine, tocopherol, ci 42090.","arginine, panthenol, tocopherol",Hair Serum,,,Hair Serum
P082,Fino Premium Touch Hair Oil ,Hair Oil,https://www.tokopedia.com/fino-by-finetoday-official/fino-premium-touch-hair-oil-70ml-1731912727677142828?extParam=ivf%3Dfalse%26keyword%3Dhair+care%26search_id%3D2026020411191963923F49E52413393NHM%26src%3Dsearch&t_id=1770203980668&t_st=1&t_pp=search_result&t_efo=search_pure_goods_card&t_ef=goods_search&t_sm=&t_spt=search_result,2/4/2026,Fino,70,ml,162000,"hydrogenated polyisobutene, dimethiconol, isopropyl myristate, isododecane, polysilicone-13, perfume, squalane, lauroyl glutamic acid di(phytosteryl/octyldodecyl), lactic acid, hydrolysed conchiolin, dimethicone, tocopherol, water, amodimethicone, ppg -2-deceth-12, bg, glycerol, phenoxyethanol <m110970-202>.","lactic acid, tocopherol",Hair Oil,,,Hair Oil
P083,SELSUN YELLOW DOUBLE IMPACT SHAMPOO ,SHAMPOO ,https://www.tokopedia.com/apotek-taman-kedoya-by-goapotik/selsun-yellow-double-impact-shampoo-50-ml?t_id=1770203980668&t_st=5&t_pp=product_detail&t_efo=horizontal_goods_card&t_ef=goods_search&t_sm=rec_product_detail_outer_pdp_3_module&t_spt=product_detail,2/4/2026,Selsun,50,ml,39000,"sodium laureth sulfate, aqua (water), glycol stearate, acrylates/vinyl neodecanoate crosspolymer, cocamide dea, acacia senegal gum, fragrance, selenium sulfide, zinc pyrithione, glyceryl ricinoleate, dmdm hydantoin, citric acid, sodium chloride, ci 15610.",,Shampoo,,,Shampoo
P084,Dove 1 Minute Super Conditioner - Intensive Damage Treatment ,Conditioner ,https://www.watsons.co.id/id/dove-dove-1-minute-super-conditioner-intensive-damage-treatment-170ml/p/BP_70286,2/4/2026,Dove,170,ml,22000,"water, cetearyl alcohol, behentrimonium chloride, dipropylene glycol, glycerin, perfume, dimethicone, gluconolactone, trehalose, helianthus annuus (sunflower) seed oil, c10-40 isoalkylamidopropylethyldimonium ethosulfate, sodium sulfate, tocopheryl acetate, argania spinosa kernel oil, cocos nucifera (coconut) oil, prunus amygdalus dulcis (sweet almond) oil, mineral oil, amodimethicone, disodium edta, phenoxyethanol, cetrimonium chloride, peg-7 propylheptyl ether, magnesium nitrate, cyclotetrasiloxane, methylchloroisothiazolinone, magnesium chloride, methylarachidic acid, methylisothiazolinone, sodium chloride, acetic acid.","argania spinosa kernel oil, tocopheryl acetate",Conditioner,,,Conditioner
P085,SELSUN COND NOURISHING ,Conditioner ,https://www.watsons.co.id/id/selsun-selsun-cond-nourishing-100gr/p/BP_70344,2/4/2026,Selsun,100,GR,33300,selenium sulfide hydrolized protein prunus dulcis oil dan provitamin b5.,,Conditioner,,,Conditioner
P086,Hair Tonic Micellar Hairfall Control ,Hair Tonic ,https://www.watsons.co.id/id/dove-hair-tonic-micellar-hairfall-control-75ml/p/BP_64364,2/4/2026,Dove,75,ml,46900,"water, oleth-20, phenoxyethanol, glycerin, caprylyl glycol, perfume, disodium edta, zinc sulfate heptahydrate, hydrolyzed yeast protein, urea, sodium benzoate, disodium phosphate, sodium hydroxide, potassium sorbate, biotin, citric acid, ceramide ng.",biotin,Hair Tonic,,,Hair Tonic
P087,Creambath Biotin Haifall Control ,Creambath  ,https://www.watsons.co.id/id/dove-creambath-biotin-haifall-control-300g/p/BP_66723,2/4/2026,Dove,300,g,73000,"water, cetearyl alcohol, behentrimonium chloride, glycerin, dimethicone, perfume , dipropylene glycol, citric acid, sodium benzoate, amodimethicone, sodium gluconate, sodium citrate, disodium edta, cetrimonium chloride, phenoxyethanol, peg-7 propylheptyl ether, zinc sulfate heptahydrate, ceramide ng, urea, hydrolyzed yeast protein, biotin, disodium phosphate, potassium sorbate.",biotin,Creambath,,,Creambath
P088,PRO-V Shampoo Anti Lepek,Shampoo  ,https://www.watsons.co.id/id/pantene-pro-v-shampoo-anti-lepek-135ml/p/BP_73609,2/4/2026,Pantene,135,ml,28900,"water, sodium laureth sulfate, cocamidopropyl betaine, sodium chloride, sodium xylenesulfonate, sodium citrate, fragrance, dimethiconol, citric acid, sodium benzoate, guar hydroxypropyltrimonium chloride, tetrasodium edta, panthenol, histidine, methylchloroisothiazolinone, methylisothiazolinone.",panthenol,Shampoo,,,Shampoo
P089,Miracles Intensive Bond Repair Hair Mask,Hair Mask,https://www.watsons.co.id/id/pantene-miracles-intensive-bond-repair-hair-mask-300-ml/p/BP_67033,2/4/2026,Pantene,300,ml,88000,"water (aqua), cetearyl alcohol, dimethicone, behentrimonium chloride, glycerin, fragrance (parfum), hydrolyzed keratin, panthenol, various oils (such as argan oil or coconut oil), preservatives and other conditioning agents.","hydrolyzed keratin, keratin, panthenol",Hair Mask,,,Hair Mask
P090,Tresemme Conditioner For Bleached Hair Color Radiance & Repair, Conditioner,https://www.sociolla.com/conditioner/48649-kem-xa-color-radiance-and-repair-toc-tay,2/4/2026,Tresemmé,250,ml,99360,"water, cetearyl alcohol, dimethicone, behentrimonium chloride, perfume, dipropylene glycol, strearamidopropyl dimethylamine, amodimethicone, sodium chloride, lactic acid disodium edta, phenoxyethanol, peg-7 propylheptyl ether, cetrimonium chloride, cyclotetrasiloxane, magnesium nitrate, helianthus annuus (sunflower) seed oil, glycine soja (soybean) phytoplacenta extract, sodium sulfate, methylchloroisothiazolinone, magnesium chloride, methylisothiazolinone, glycerin, acetic acid, calcium chloride, ci 60730.",lactic acid,Conditioner,,,Conditioner
P091,Hair Mask Pro Keratin Complex Hair Repair Tube,Hair Mask,https://www.sociolla.com/hair-mask/28614-hair-mask-pro-keratin-complex-hair-repair-tube,2/4/2026,Ellips,120,g,56810,"aqua, cetearyl alcohol, dimethicone, cetyl esters, potato starch modified, steartrimonium chloride, amodimethicone, fragrance, dimethiconol, phenoxyethanol, benzyl alcohol, sodium benzoate, isopropyl alcohol, hydrolyzed vegetable protein, lactic acid, cyclotetrasiloxane, panthenol, simmondsia chinensis (jojoba) seed oil, cetrimonium chloride, tocopheryl acetate (vitamin e), cyclopentasiloxane, dimethyl palmitamine, soybean (glycine soja) oil, retinyl palmitate, ascorbyl palmitate.","lactic acid, panthenol, retinyl palmitate, tocopheryl acetate",Hair Mask,,,Hair Mask
P092,Hair Xpert Oil Treatment For Hair Fall,Hair Oil,https://www.sociolla.com/hair-oil/25186-hair-xpert-oil-treatment-for-hair-fall,2/4/2026,Safi,100,ml,64500,mineral oil,,Hair Oil,,,Hair Oil
P093,Veggie Pro Nourishing Shampoo,Shampoo,https://www.sociolla.com/shampoo/26645-veggie-pro-nourishing-shampoo,2/4/2026,The Bath Box,200,ml,185000,"water, cetyl alcohol, behentrimonium methosulfate, caprylic/capric triglyceride, honey, simmondsia chinensis (jojoba) seed oil, polyester-37, hydrolyzed vegetable protein pg-propyl silanetriol, hydrogenated polydecene, hydrolyzed vegetable protein, hydrolyzed pea protein, citrus sinensis peel oil (orange oil), rosmarinus officinalis leaf oil (rosemary oil), lavandula angustifolia oil (lavender oil), cananga odorata flower oil (ylang-ylang oil), pelargonium graveolens oil (geranium oil), butylene glycol, polyquaternium-37, polyquaternium-47, trisodium ethylenediamine disuccinate, trideceth-6, disodium edta, sodium benzoate, potassium sorbate, phenoxyethanol, ethylhexylglycerin, citric acid.",rosmarinus officinalis leaf oil,Shampoo,,,Shampoo
P094,Smooth Intense Hair Spa Mask,Hair Mask,https://www.sociolla.com/hair-mask/10237-smooth-intense-hair-spa-mask,2/4/2026,Loreal Paris,200,ml,90000,"aqua/water, cetearyl alcohol, behentrimonium chloride, glycerin, amodimethicone, cetyl esters, potato starch modified, isopropyl alcohol, phenoxyethanol, argania spinosa (argan) kernel oil, trideceth-6, chlorhexidine dihydrochloride, xylose, camelina sativa seed oil, limonene, linalool, benzyl alcohol, benzyl salicylate, alpha-isomethyl ionone, geraniol, cetrimonium chloride, butylphenyl methylpropional",,Hair Mask,,,Hair Mask
P095,Calm & Cool Refresh Hair Oil,Hair Oil,https://www.sociolla.com/hair-oil/75541-calm-and-cool-refresh-hair-oil,2/4/2026,Ree Derma Wellness,100,ml,209000,"lauric acid, myristic acid, palmitic acid, caprylic acid, oleic acid, capric acid, stearic acid, linoleic acid, lavandula angustifolia oil, mentha piperita oil, eucalyptus radiata leaf/stem oil, caproic acid, zingiber cassumunar root oil.",,Hair Oil,,,Hair Oil
P096,Clarify Cleanse Hair Oil,Hair Oil,https://www.sociolla.com/hair-oil/75543-clarify-cleanse-hair-oil,2/4/2026,Ree Derma Wellness,100,ml,220000,"lauric acid, myristic acid, cinnamomum cassia bark, palmitic acid, caprilyc acid, oleic acid, capric acid, stearic acid, linoleic acid, cinnamomum cassia leaf oil, caproic acid, rosmarinus ocinalis flower oil, eugenia caryophyllus bud oil, foeniculum vulgare dulce fruit oil, illicium verum oil.",,Hair Oil,,,Hair Oil
P097,Nourishing Hair Serum,Hair Serum,https://www.sociolla.com/hair-serum/74233-nourishing-hair-serum,2/4/2026,Djamujamu,45,ml,175500,"diethylhexyl carbonate, caprylic/capric triglyceride, oleyl erucate, argania spinosa kernel oil, prunus amygdalus dulcis oil, aleurites moluccanus seed oil, pelargonium graveolens flower oil, citrus limon fruit oil.",argania spinosa kernel oil,Hair Serum,,,Hair Serum
P098,Black Bean Anti Hair Loss Shampoo,Shampoo,https://www.sociolla.com/shampoo/77127-black-bean-anti-hair-loss-shampoo,2/4/2026,Nature Republic,300,ml,265000,"water, coco-betaine, tea-cocoyl glutamate, disodium laureth sulfosuccinate, sodium lauroyl methylaminopropionate, sodium lauroyl methyl isethionate, polyquaternium-10, caprylyl glycol, menthol , ppg-3 myristyl ether, rehmannia chinensis root extract, citrus nobilis (mandarin orange) peel extract, pentasodium pentetate, salicylic acid (hair conditioning), panthenol, mentha arvensis leaf oil, citrus aurantifolia (lime) oil, butylene glycol, mentha arvensis extract, niacinamide, 1,2-hexanediol, chrysanthemum zawadskii extract, glycyrrhiza glabra (licorice) root extract, lycium chinense fruit extract, biota orientalis leaf extract, acorus calamus root extract, morus alba bark extract, xanthium strumarium fruit extract, panax ginseng root extract, acacia senegal gum, peat water, glycerin, citric acid, hydroxypropyl methylcellulose, ethylhexylglycerin, centella asiatica leaf extract, glycine soja (soybean) seed extract, vaccinium angustifolium (blueberry) fruit extract, rubus fruticosus (blackberry) fruit extract, ribes nigrum (black currant) fruit extract, nigella sativa seed extract, oryza sativa (rice) extract, sesamum indicum (sesame) seed extract, salvia hispanica seed extract, potassium sorbate, hydrogenated lecithin, ethylhexylglycerin, ceramide np, propolis extract.","ceramide np, menthol, niacinamide, panax ginseng root extract, panthenol, salicylic acid",Shampoo,,,Shampoo
P099,Extra Damage Repair Hair Mask,Hair Mask,https://www.sociolla.com/hair-mask/64182-extra-damage-repair-hair-mask,2/4/2026,Moist Diane,150,gr,105910,"water, cetearyl alcohol, dimethicone, bis-behenyl/isostearyl/phytosteryl dimer dilinoleyl dimer dilinoleate, steartrimonium chloride, ethylhexyl palmitate, steardimonium hydroxypropyl hydrolyzed keratin, propanediol, quaternium-33, gamma-docosalactone, glucose, butylene glycol, hydroxyproline, prunus domestica seed extract or prunus domestica seed oil ,alanine, hydrolyzed honey protein, sodium hyaluronate, hydroxypropyltrimonium hyaluronate, sodium pca, keratin, hydrolyzed conchiolin protein, malus domestica fruit cell culture extract, rhododendron ferrugineum leaf cell culture extract, collagen, isomalt, hydrolyzed keratin, hydrolyzed hyaluronic acid, cetearamidoethyl diethonium hydrolyzed rice protein, panthenol, polyglyceryl-2 isostearate/dimer dilinoleate copolymer, isononyl isononanoate, isostearoyl hydrolyzed keratin, bis-ethoxydiglycol cyclohexane 1,4-dicarboxylate, pouteria sapota seed oil, shorea stenoptera seed butter, sclerocarya birrea seed oil, theobroma grandiflorum seed butter, mangifera indica (mango) seed oil, ceramide ng, argania spinosa kernel oil, glycine soja (soybean) sterols, ceramide 5, ceramide np, ceramide ap, ceramide eop, carapa guaianensis seed oil, adansonia digitata seed oil, opuntia ficus-indica seed oil, bis-(polyglyceryl-3 oxyphenylpropyl) dimethicone, sodium lactate, cholesterol, argania spinosa callus culture extract, peg-90m, xanthan gum, glyceryl tri-hydrogenated rosinate [c] hydrogenated glyceryl dehydroabietate/tetrahydroabietate, lecithin, dicocodimonium chloride, quaternium-18, behentrimonium chloride, isopropyl alcohol, propylene glycol, glycerin, lactic acid, tocopherol, disodium edta, phenoxyethanol, sodium benzoate, fragrance, caramel.","argania spinosa kernel oil, ceramide np, hydrolyzed keratin, keratin, lactic acid, panthenol, tocopherol",Hair Mask,,,Hair Mask
P100,Extra Smooth & Straight Hair Mask,Hair Mask,https://www.sociolla.com/hair-mask/74478-extra-smooth-and-straight-hair-mask,2/4/2026,Moist Diane,150,gr,105910,"aqua, cetearyl alcohol, dimethicone, glycerin, ethylhexyl palmitate, steartrimonium chloride, polyglyceryl-2 isostearate/dimer dilinoleate copolymer, fragrance (parfum) components and finished fragrances, dicocodimonium , chloride, phenoxyethanol, ppg-3 caprylyl ether, bis-(polyglyceryl-3 oxyphenylpropyl), dimethicone, behenyl alcohol, isopropyl alcohol, glucose, amodimethicone, caramel, disodium edta, peg-90m, lactic acid, sodium lactate, o-cymen-5-ol, sodium benzoate, acetyl cysteine, oenocarpus bataua fruit oil, propylene glycol, ascorbyl tetraisopalmitate, hydrolyzed keratin, glyoxylic acid, butylene glycol, alcohol, propanediol, schinziophyton rautanenii kernel oil, pouteria sapota seed oil, shorea stenoptera seed butter, chenopodium quinoa seed oil, isostearic acid, quaternium-18, sodium lauraminopropionate, hydroxypropyltrimonium hydrolyzed keratin, laurdimonium hydroxypropyl hydrolyzed keratin, cetearamidoethyl diethonium hydrolyzed rice protein, tocopherol, prunus domestica seed extract, sclerocarya birrea seed oil, theobroma grandiflorum seed butter, mangifera indica seed oil, carapa guaianensis seed oil, adansonia digitata seed oil, quaternium-33, citric acid, cholesterol, hydrolyzed silk pg-propyl methylsilanediol, behentrimonium chloride, hydrolyzed quinoa, gamma-docosalactone, ceramide ng, adansonia digitata seed oi, alcohol denat, isomalt, isostearoyl hydrolyzed collagen, terminalia ferdinandiana fruit extract, keratin, argania spinosa kernel oil, soybean ( glycine soja ) sterol, cellulose gum, ceramide as, hydrolyzed conchiolin protein, sodium bicarbonate, malus domestica fruit cell culture extract, benzyl alcohol, potassium sorbate, ceramide np, ceramide ap, xanthan gum, lecithin, argania spinosa callus culture extract, ceramide eop, gold, collagen, silver.","argania spinosa kernel oil, ceramide np, hydrolyzed keratin, hydrolyzed silk, keratin, lactic acid, tocopherol",Hair Mask,,,Hair Mask
